Company,Error,URL
Sqill,Invalid news source,https://savingsleague.com/2024/07/23/lisbon-based-sqill-will-get-e2-million-to-streamline-the-inventive-workflow-of-social-media-groups/
Assisterr,Invalid news source,https://cointelegraph.com/press-releases/web3-ai-platform-assisterr-raised-17m-pre-seed-round-to-enable-community-owned-ai
Gnanomat,Invalid news source,https://otp.tools.investis.com/clients/uk/versarien_plc/rns/regulatory-story.aspx?cid=2816&newsid=1843309
Botivo Drinks,Invalid news source,https://www.thegrocer.co.uk/fundraising/botivo-raises-900k-to-scale-0-botanical-drink/693418.article
Enzo,Invalid news source,https://www.startbase.com/news/bei-enzo-fliessen-23-mio-euro/
Generated Health,Invalid news source,https://www.sec.gov/Archives/edgar/data/1988114/000198811424000001/xslFormDX01/primary_doc.xml
Boundless,Invalid news source,https://www.thegrocer.co.uk/fundraising/boundless-bags-15m-investment-to-cement-position-in-gut-health-snacking/693173.article
TRAVERSE,Invalid news source,https://www.prolificnorth.co.uk/news/maven-ups-investment-in-cheshire-software-firm-to-1m/
Another Round,Invalid news source,https://well-nation.co.uk/blog/2024/07/03/former-mma-fighter-launches-ai-powered-personal-training-platform/
Spottitt,Invalid news source,https://spottitt.com/company-news/spottitt-closes-800k-usd-bridge-financing-round/
Helical,Invalid news source,https://www.helical-ai.com/news/helical-raises-2m-eur-bio-foundation-models
Aquark Technologies,Invalid news source,https://news.satnews.com/2024/06/03/generation-space-seraphim-space-announce-mission-13-cohort-launches-new-academy/
VisusNano,Invalid news source,https://sosv.com/company/visusnano-ltd/
XFuel,Invalid news source,https://sosv.com/company/xfuel/
OCTA,Invalid news source,https://www.businesswire.com/news/home/20240514562505/en/500-Global-and-Sanabil-Investments-announce-Batch-7-of-the-Sanabil-500-MENA-Seed-Accelerator-Program
TETMET,Invalid news source,https://seenews.com/news/bulgarias-mfg-invest-to-put-100-000-euro-into-frances-tetmet-1257072
MagicBlock,Invalid news source,https://x.com/jasonrosenthal/status/1772581772384948571?ref_src=twsrc%5Etfw%7Ctwcamp%5Etweetembed%7Ctwterm%5E1772581772384948571%7Ctwgr%5E1ba7ca9647a048a6beb4933ec932c5c94635887f%7Ctwcon%5Es1_&ref_url=https%3A%2F%2Fwww.gadgets360.com%2Fcryptocurrency%2Fnews%2Fcrypto-bull-run-web3-funds-startups-accelerator-investment-programmes-mentorship-5351961
Bellevie,Invalid news source,https://www.mcknightsseniorliving.com/home/news/tech-daily-news/smart-glasses-mobility-tools-part-of-dynamic-slate-of-senior-tech-getting-seed-funding/
Burnt Faith,Invalid news source,https://www.thegrocer.co.uk/alcohol/burnt-faith-brandy-seals-supermarket-debut-with-tesco/692322.article
ai|coustics,Invalid news source,https://www.sec.gov/Archives/edgar/data/2007168/000200716824000001/xslFormDX01/primary_doc.xml
FRAHM Jacket,Invalid news source,https://www.crowdcube.com/companies/frahm-jacket
Advanced Blast & Ballistic Systems,Invalid news source,https://www.crowdcube.com/companies/advanced-blast-ballistic-systems-ltd
Zymego,Invalid news source,https://spintopventures.com/spintop-invests-in-groundbreaking-health-tech-startup-zymego/
SidcoDX,Invalid news source,https://latamlist.com/chilean-startup-obralink-secures-500k-from-polpaico-solutions/
Ceres,Invalid news source,https://sifted.eu/articles/photonics-startups-to-watch-2023
Beast,Invalid news source,https://www.crunchbase.com/organization/beast-9e2d/company_financials
Zellar,Invalid news source,https://www.crowdcube.com/companies/zellar/pitches/bgWmwb
Fertility Focus,Invalid news source,https://www.crowdcube.com/companies/vio-healthtech-limited/pitches/leakyl
Zzish,Invalid news source,https://www.crowdcube.com/companies/zzish-1/pitches/qaEkWq?country=GB
Magway,Invalid news source,https://www.crowdcube.com/companies/magway/pitches/bXEk1q
The Heat Vault,Invalid news source,https://www.crowdcube.com/companies/the-heat-vault-company
Bagel Corner,Invalid news source,https://www.crowdcube.com/investment/bagel-corner-30291
GridDuck,Invalid news source,https://turquoise.eu/low-carbon-innovation-fund-2-invests-in-gridduck/
Flown,Invalid news source,https://www.blackgreencapital.com/companies/
FOUND,Invalid news source,https://26222285.hs-sites-eu1.com/found-raises-chf2.2m
CannaSoul Analytics,Invalid news source,https://jewishbusinessnews.com/2023/11/10/returngo-and-cannasoul-analytics-make-small-raises/
Cornish Tin,Invalid news source,https://www.crowdcube.com/companies/cornish-tin-limited/pitches/by9wYb
Caldera,Invalid news source,https://www.crowdcube.com/companies/caldera
Glassette,Invalid news source,https://www.crowdcube.com/companies/glassette
Cavex,Invalid news source,https://e3-cap.com/carbon-value-exchange-cavex-secures-us-6-million-led-by-e3-capital-to-scale-digital-carbon-financing-platform/
GPA INNOVA,Invalid news source,https://www.webcapitalriesgo.com/gpainnova-apoyada-por-accio-recibe-37-millones-de-euros-de-los-fondos-next-generation-para-proyectos-de-ia-digitalizacion-industrial-y-sostenibilidad/
SquareBook,Invalid news source,https://www.seedrs.com/squarebook1
MDF Recovery,Invalid news source,"https://www.mrw.co.uk/news/mdf-recycling-firm-secures-1-7m-in-venture-capital-06-10-2023/#:~:text=One%20Planet%20Capital%20has%20invested,used%20for%20insulation%20and%20packaging."
Stablepharma,Invalid news source,https://www.crowdcube.com/companies/stablepharma-limited
Plot.ai,Invalid news source,https://www.marketer.tech/news/strawberry-equities-new-strategic-owner-of-plotai
Rematch,Invalid news source,https://www.crowdcube.com/investment/rematch-30251
Toraphene,Invalid news source,https://www.crowdcube.com/companies/toraphene/pitches/b65d2Z
Internxt,Invalid news source,https://www.crowdcube.com/companies/internxt/pitches/l8aE5Z
Flexi-Hex,Invalid news source,https://www.crowdcube.com/companies/investatflexi-hex-com/pitches/lO0EXZ
Vitadio,Invalid news source,https://ain.capital/2023/10/24/vitadio-secures-3m-digital-therapeutics/
Halo X Ray Technologies,Invalid news source,https://www.asiapacificsecuritymagazine.com/halo-x-ray-secures-investment/
Mao Lac,Invalid news source,https://www.webcapitalriesgo.com/pascual-innoventures-invierte-15m-en-las-startups-novo-dairy-zero-cow-factory-ergo-bioscience-y-maolac/
TRAVERSE,Invalid news source,https://www.prolificnorth.co.uk/news/500k-maven-investment-for-cheshire-software-firm-traverse/
Melanin Matchmaker,Invalid news source,https://www.onlinepersonalswatch.com/news/2023/09/irl-dating-app-mm-raised-600k750k.html
Transimmune AG,Invalid news source,https://www.life-sciences-germany.com/news/transimmune-secures-investment-from-yale-university-bill-melinda-2001-122222.html
Equinox Kombucha,Invalid news source,https://www.thegrocer.co.uk/soft-drinks/equinox-organic-adds-canning-line-in-1m-investment/682989.article
Rolla,Invalid news source,https://athletechnews.com/rolla-gets-7m-in-seed-funding-for-gamification-platform/
DMALINK,Invalid news source,https://www.crowdfundinsider.com/2023/08/211821-institutional-trading-platform-dmalink-tops-425000-funding-goal-on-seedrs/
Scaleup Finance,Invalid news source,https://techsavvy.media/historisk-fintech-startup-rejser-rekord-investeringsrunde/
KTERIO,Invalid news source,https://www.elektron-ventures.com/portfolio
My Company Polska,Invalid news source,https://ain.capital/2023/08/10/fresh-inset-raises-2-7m-business-angels/
CreditEnable,Invalid news source,https://www.opcollc.com/emerging-fintechs
Nester,Invalid news source,https://www.webcapitalriesgo.com/nester-cierra-una-ronda-de-e12m-liderada-por-successful-ventures-y-zone2boost-participan-global-payments-ingenico-y-business-angels/
Vegan Food Club,Invalid news source,https://www.crowdcube.com/companies/vegan-food-club-s-l/pitches/bvLzVl
Djungo,Invalid news source,https://www.onlinepersonalswatch.com/news/2023/07/dating-app-djungo-raises-16m-prepares-for-swedish-launch-following-brazil-success.html
Pikamoon,Invalid news source,https://www.coinspeaker.com/pikamoon-raises-3-6-m-final-ico-phase/
Jetnet,Invalid news source,https://www.webcapitalriesgo.com/global-social-impact-invierte-e23m-en-el-operador-de-telecomunicaciones-jetnet/
DrinkWell,Invalid news source,https://www.thegrocer.co.uk/fundraising/drinkwell-secures-600k-backing-to-expand-reduced-calorie-alcohol-marketplace/681448.article
DEPUR Experiences,Invalid news source,https://www.mercialys.fr/investisseurs/actualites-et-communiques/communiques-financiers/mercialys-devient-l-actionnaire-de-reference-de-la-societe-depur-au-cote-de-son-fondateur
Boddy,Invalid news source,https://www.phocuswire.com/boddy-2-m-connect-travelers-with-wellness-activities
Trace.Space,Invalid news source,https://ain.capital/2023/07/05/hungarian-foodtech-munch-raises-a-seed-round-of-investment/
Particula,Invalid news source,https://www.grovevc.com/portfolio/particula/
Callsign,Invalid news source,https://s3.eu-west-2.amazonaws.com/document-api-images-live.ch.gov.uk/docs/P3lMPp1ky-kcZb6v3aB91soEBlzMLfJWxFt291_oq9M/application-pdf?X-Amz-Algorithm=AWS4-HMAC-SHA256&X-Amz-Credential=ASIAWRGBDBV3PYJVZSW3%2F20240111%2Feu-west-2%2Fs3%2Faws4_request&X-Amz-Date=20240111T175549Z&X-Amz-Expires=60&X-Amz-Security-Token=IQoJb3JpZ2luX2VjEIb%2F%2F%2F%2F%2F%2F%2F%2F%2F%2FwEaCWV1LXdlc3QtMiJHMEUCIAPz%2FTb2riNnOPn7v5oeaJPta8ZrYZTQz8b2dFM40DpVAiEAl8DMwuArHoy9SMqDuFsFXUwiIkHFZ1Nk9qvEA2mgKIwquwUILxAEGgw0NDkyMjkwMzI4MjIiDKulhsZiq207CBKGniqYBXX6nX2EVCLIOlsYpBlqPcDjpFetftBfnYN9BvYuutMpfFseObWNcuij0WclSMtkFqohVMk90HpRSSnEXGJeBdUSDsNYkM%2FKiCIUw6u4M5E2j409Uw9OyBqBmUQKopshQkqYx8c%2Ba%2B8vFT%2FTBZQasJK1h8%2BRfmCFsySiuJCZQCcwgnKFOXUAi96NslR3HscU1YfgLDekrKr3APEkpfP66GZSg7JKJTibQbrXxo3r6%2BFOqoqmRb0v7%2B2s%2F%2FUnTstVyogkdPymKGT5Upt20oOhzBCiDAqR12c5VftXDnkFCrctX9NeLWwzU8n0xG%2BgZcbdm%2BFCG6wlleOofe7eu%2BC1YdLo54rzQArDDj%2BdUuggtyp8Tj5ojRp00PS%2F4I1EaVO4YGeU1cuI6afwtnP8JbzWQNr50B%2B8OTJNbRJqxUwxshb8KHFJquZJIeDYEj2tnWmjBWvZ7l1TMwOSFv2Lxg%2B8QfRhvji5t8EmOw3GUGZNzsSlChbEXr0OkkimdRcQaOZPlNyutqnAPREbckXebSrgf5yii%2FX7704mdTiZe2YK7Dv0iE2m8XRTrW1U%2FShuoQgz4wBK2kqiSg%2B2R0VIvAOvJy2rWImDwglDIT8YWJVV3fumA8IrqSIc%2Fny0gitCd%2B%2BcP6JNQ4LGGFqBAMBHvlaL0JKy4DGollkwyzymdbRoqJTNsUfESVVaAnUVhHFWrkgK63XBKc7%2Byp8S%2BrsMAgxiXa5VOFxbHbUADJhj8m6V1m18ZtmEyryiHCIaqL%2F2AlUI18jllu4aarHPnETGrlRTncz4mD%2B2c2ux%2FMhQcuVDRXXobMd4axgBMgBInHW3495P%2BbqC2KXgzVUVoqMbkR9TxGfD89vk50gyP5sdo8dK3hPJE6CnTclDAOQw0%2BD%2FrAY6sQEFgt1x21w7fJ2sHLw77Xkqp6Ld3Rt2cL62oc3bkRRFNB8V2DZMWFxrTSVw4vtQuIqkLijbgB4XwgOsdt%2FGufq0TQjS4ekSmhmYmm1mO5vfHHQ4Jj8%2FYSOD9guBGcuaxSIa%2BpO2p8Bz0AYfMkPPlzmnioyu3%2BWZke2ljJIuvtoSNWMPmF9ySFKetPLPHGOxAbbydukF20E5lbf%2B%2BxLpaqO01rGxx%2ByB7LhSKIYxXcvuR%2Fo%3D&X-Amz-SignedHeaders=host&response-content-disposition=inline%3Bfilename%3D%2207277719_sh01_2023-07-31.pdf%22&X-Amz-Signature=11f0ec2e2224b0fc31d5ac4af85a384ad50c5a7cd392c58f8551ab4a74f50c91
Manina Medtech,Invalid news source,http://capital-riesgo.es/en/articles/manina-medtech-closes-an-investment-round-led-by-medex-partners-to-develop-a-medical-device-to-increase-the-success-of-in-vitro-fertilization/
Basket,Invalid news source,https://www.crowdcube.com/companies/basket/pitches/qr9vzb
ioLight,Invalid news source,https://www.crowdcube.com/companies/iolight-limited-1
Body Rocket,Invalid news source,https://www.crowdcube.com/companies/body-rocket
Viewed,Invalid news source,https://www.webcapitalriesgo.com/desigual-y-wayra-anuncian-las-5-startups-que-pasaran-a-forma-parte-de-awesome-lab/
HR Bot Factory,Invalid news source,https://www.webcapitalriesgo.com/desigual-y-wayra-anuncian-las-5-startups-que-pasaran-a-forma-parte-de-awesome-lab/
Settly,Invalid news source,https://techfundingnews.com/settly-looks-to-move-its-relocation-platform-upwards-with-6-million-seed-funding/
We Build Bots,Invalid news source,https://www.seedrs.com/we-build-bots2
Verv,Invalid news source,https://www.seedrs.com/verv-energy
Nuwa Innovation,Invalid news source,https://www.kickstarter.com/projects/nuwa/nuwa-pen-ai-powered-ballpoint-pen
Rest Less,Invalid news source,https://www.crowdcube.com/companies/rest-less/pitches/Z1X0rl
Gozen Institute,Invalid news source,https://indiebio.co/company/gozen-bioworks/
Noyes,Invalid news source,https://www.startbase.com/news/urban-ray-sichert-sich-sechsstellige-pre-seed-runde/
EarSwitch,Invalid news source,https://www.med-technews.com/news/medtech-business-merger-acquisition-finance-and-investment-news/earswitch-awarded-ukri-healthy-ageing-challenge-grant/
Switchd,Invalid news source,https://lcif.vc/low-carbon-innovation-fund-2-makes-further-investment-in-switchd/
Drone Ag,Invalid news source,https://www.crowdcube.com/companies/drone-ag?country=GB&country=FR&country=GB
Tonic Health,Invalid news source,https://www.seedrs.com/tonic-health2
Bottobo Robotics,Invalid news source,https://startupteknoloji.com/bottobo-robotics-1-75-milyon-dolar-yatirim-aldi/
Aventa,Invalid news source,https://www.boursier.com/opcvm/actualites/generales/aventa-specialiste-de-l-energie-marine-renouvelable-leve-10-me-aupres-de-nextstage-am-898939.html
Unrooted Drinks,Invalid news source,https://www.thegrocer.co.uk/fundraising/unrooted-raises-another-12m-to-boost-growth/690338.article
Osigu,Invalid news source,https://www.sec.gov/Archives/edgar/data/1960586/000196058624000002/xslFormDX01/primary_doc.xml
Magway,Invalid news source,https://www.crowdcube.com/companies/magway
Ownera,Invalid news source,http://spr.ly/60163aX72
O-Hx,Invalid news source,https://www.crowdcube.com/companies/organic-heat-exchangers-limited/pitches/qWE2WZ
SkiYodl,Invalid news source,https://www.crowdcube.com/companies/skiyodl/pitches/b9DBJZ
Earthly,Invalid news source,https://www.crowdcube.com/companies/earthly/pitches/q4M56l
MoneyFellows,Invalid news source,https://endeavor.org/knowledge-center-events/blog/endeavor-selects-eight-entrepreneurs-from-five-markets-at-the-34th-virtual-international-selection-panel/
Sundog,Invalid news source,https://ain.capital/2023/02/21/sundog-secures-340k/
MEVA energy,Invalid news source,https://www.esgtoday.com/al-gores-climate-fund-announces-first-investments-in-industrial-decarbonization-solutions-providers/
Remuner,Invalid news source,https://www.webcapitalriesgo.com/demium-capital-despliega-su-inversion-en-ia-con-7-companias-invertidas/
Nervio,Invalid news source,https://www.nervio.ai/news/closes-seed-round/
Seaborg Technologies,Invalid news source,https://www.unrulycap.com/portfolio
JÃ¶ttnar,Invalid news source,https://www.crowdcube.eu/companies/joettnar/pitches/qQN7Gl?country=ES
FRAHM Jacket,Invalid news source,https://www.crowdcube.com/companies/frahm-jacket/pitches/Z1XpWl
Genomes.io,Invalid news source,https://www.crowdcube.com/companies/genomes-io/pitches/by9dWb
Chargeflow,Invalid news source,https://www.en.beritaja.com/chargeflow-which-taps-ai-to-fight-chargebacks-raises-14m-beritaja-28192.html
Remepy,Invalid news source,https://www.flatironinvestors.com/sn-fund-1
iFAST Diagnostics,Invalid news source,https://ukinnovationscienceseedfund.co.uk/ifast-diagnostics-raise-2m-to-track-and-treat-antibiotic-resistant-bugs/
NINA,Invalid news source,https://lmarks.com/sodexo-live-accelerator-finalists-have-been-chosen/
NAKA,Invalid news source,https://gocrypto.com/en/2021-starts-big-eligma-raises-a-new-4-million-eur-equity-investment-at-a-50-million-eur-valuation/
Acorai,Invalid news source,https://finance.yahoo.com/news/heart-failure-start-acorai-wins-120000108.html?guccounter=1&guce_referrer=aHR0cHM6Ly93d3cuZ29vZ2xlLmNvbS8&guce_referrer_sig=AQAAAFXEC-kV438mytRKV02M_ypeHAKHNtE7PB-mZ4zmL5kz3CDZOvu6YfsHPnVoAhDEi4XJGsTc843ifHgjkl-C6NvkHeoeNQg-I0igvqAZZE2SiRtamwN_r1SOQ_5yEqb9oa-NLZmJyW8qokTkEcJdSPfMYL9Oyl3XG3TdrRmBph31
Rightcharge,Invalid news source,https://www.seedrs.com/rightcharge1
MUOV Bikes,Invalid news source,https://www.crowdcube.com/companies/muov/pitches/qaEBEq?country=AW
Gravitilab Aerospace,Invalid news source,https://ukbaa.org.uk/blog/2022/05/19/space-services-startup-gravitilab-receives-100k-investment-from-british-design-fund/
Viker,Invalid news source,https://mobidictum.com/game-industry/viker-secures-investment-in-animoca-brands-led-round/
Trustportal,Invalid news source,https://www.crowdcube.com/companies/trustportal/pitches/b0dJBb
Sauce Shop,Invalid news source,https://www.insidermedia.com/news/midlands/sauce-maker-closes-successful-crowdfunding-campaign
Underdog,Invalid news source,https://www.inovexus.com/le-club
OBRIZUM Group Ltd.,Invalid news source,http://news.sohu.com/a/609853537_121124337
QuarkXR,Invalid news source,https://www.163.com/dy/article/HNGO6VNL0511BQR8.html
Renda,Invalid news source,https://disrupt-africa.com/2022/11/04/9-african-startups-selected-for-latest-edition-of-techstars-toronto-accelerator/
Kalium Health,Invalid news source,http://vator.tv/n/5569
Cheelee,Invalid news source,https://www.jinse.com/lives/323207.htm
SidcoDX,Invalid news source,https://latamlist.com/construction-technology-startup-obralink-gets-2m-in-funding-round/
Swipe,Invalid news source,https://ain.capital/2022/11/18/swipe-bg-raises-510k/
Howbout,Invalid news source,https://techfundingnews.com/dark-social-media-app-howbout-picks-nearly-2m-to-help-plan-and-schedule-gatherings/
Imagen Therapeutics,Invalid news source,https://www.crowdcube.eu/companies/imagen/pitches/qaEzmq
QD Solar,Invalid news source,https://luminate.org/qd-solar-addresses-climate-change-challenges-with-high-efficiency-solar/
Antiverse,Invalid news source,https://techfundingnews.com/march-2023-18-uk-based-tech-startup-funding-rounds-you-shouldnt-miss/
TetaVi,Invalid news source,https://www.sohu.com/a/600273118_121124370
Pack,Invalid news source,https://www.lavocedigenova.it/2022/11/18/leggi-notizia/argomenti/innovazione/articolo/benessere-aziendale-la-genovese-happily-investe-nel-mentoring.html
Fez Delivery,Invalid news source,https://disrupt-africa.com/2022/11/04/9-african-startups-selected-for-latest-edition-of-techstars-toronto-accelerator/?utm_source=dlvr.it&utm_medium=twitter&utm_campaign=9-african-startups-selected-for-latest-edition-of-techstars-toronto-accelerator
PBD Biotech,Invalid news source,https://www.insidermedia.com/news/midlands/spin-out-behind-blood-test-raises-2.4m
Fussy,Invalid news source,http://dlvr.it/Sb3j3h
ASC Direct,Invalid news source,https://www.yorkshirepost.co.uk/business/management-buy-in-for-yorkshire-box-making-firm-after-ps21m-investment-3862914
Yeeld,Invalid news source,https://www.crowdcube.com/companies/yeeld/pitches/qr9DVb
Axelor,Invalid news source,http://www.businesswire.com/news/home/20220909005177/en/Axelor-Raises-%E2%82%AC10M-in-Series-A-Fundraising-and-Enters-the-UK-and-North-American-Markets/
VYZYO,Invalid news source,https://buff.ly/3BZUUfj
Olly's,Invalid news source,http://dlvr.it/SZhKtT
BRODMIN,Invalid news source,http://www.businesswire.com/news/home/20221005005707/en/Tumble-Smart-Laundry-Announces-7-Million-in-Seed-Funding-Led-by-Hivers-and-Strivers/
Hyper Food Robotics Ltd.,Invalid news source,https://www.techinasia.com/velocity-ventures-invests-robotic-kitchen-startup
Delian Alliance Industries,Invalid news source,https://marathon.vc/blog/restoring-european-strategic-autonomy-with-lambda-automata
Steel City Interactive,Invalid news source,https://novator.co.uk/portfolio/steel-city-interactive/
Laxey,Invalid news source,https://www.arctictoday.com/%f0%9f%87%ae%f0%9f%87%b8-laxey-formerly-icelandic-land-farmed-salmon-completes-an-eur-42-million-capital-increase/?wallit_nosession=1
Salinity Solutions,Invalid news source,https://www.crowdcube.eu/companies/salinity-solutions/pitches/bvLrvl?country=SE
Akewatu,Invalid news source,https://www.crowdcube.com/companies/akewatu/pitches/bXEVMq
Temple Cycles,Invalid news source,https://www.crowdcube.eu/companies/temple-cycles/pitches/lR0V6b?country=FR
LuckyTrip,Invalid news source,https://www.crowdcube.eu/companies/luckytrip/pitches/bojXDZ?country=SE
Grubby,Invalid news source,https://www.thegrocer.co.uk/online/plant-based-meal-kit-brand-grubby-seeking-3m-from-the-crowd/671574.article
Hackney Gelato,Invalid news source,https://www.thegrocer.co.uk/fundraising/hackney-gelato-to-increase-marketing-investment-after-hitting-600k-crowd-target/672157.article
Marloe Watch Company,Invalid news source,https://www.scotsman.com/business/scottish-watch-designer-sets-ambitious-goal-with-crowdfunding-campaign-3871186
Hyperlane,Invalid news source,https://www.jinse.com/lives/318545.html
Lido DAO,Invalid news source,https://www.jinse.com/lives/317354.htm
MetMo Driver,Invalid news source,https://www.geeky-gadgets.com/metmo-driver-multitool-13-09-2022/
Cuure,Invalid news source,https://asiafoodjournal.com/capagro-european-agrifoodtech-pioneer-launching-second-fund/
Churned,Invalid news source,https://www.churned.io/stories/press-update-building-the-ai-retention-management-platform-churned-raises-seed-and-releases-v2
PsycApps,Invalid news source,https://techfundingnews.com/female-led-psycapps-scores-1-5m-for-its-gamified-mental-health-platform/
GenieConnect,Invalid news source,https://bristolcityfunds.co.uk/case-studies/service-robotics-ltd-genieconnect/
The Edit LDN,Invalid news source,https://www.crowdcube.com/companies/the-edit-ldn/pitches/lEmX9l
Totm,Invalid news source,https://www.crowdcube.eu/companies/totm?country=SE
Tribe,Invalid news source,https://www.crowdcube.com/companies/tribe/pitches/bwL8jq
Billian,Invalid news source,https://www.crowdcube.com/companies/roadmender/pitches/lx9exZ
Credable,Invalid news source,https://launchafrica.vc/portfolio/#portfolio/a6ada9cc-9a7d-4992-a0f7-8004a6151d7a
Onex,Invalid news source,https://technical.ly/startups/pax-momentum-cohort-2022/
Teamway,Invalid news source,https://www.jinse.com/lives/316269.htm
VitaDAO,Invalid news source,https://www.pharmalive.com/pfizer-invests-500k-in-decentralized-collective-focused-on-longevity-rd/
Laverock Therapeutics,Invalid news source,https://www.laverocktx.com/laverock-therapeutics-founded-develop-next-generation-programmable-cell-therapies
Akre,Invalid news source,https://www.scotsman.com/business/fife-company-launches-helping-firms-with-carbon-offsetting-via-tree-planting-backed-by-seven-figure-seed-funding-3796802
Connect Earth,Invalid news source,https://www.businesswire.com/news/home/20220810005058/en/FIS-Impact-Ventures-Selects-Ten-Startups-to-Develop-Their-Fintech-Solutions-in-2022-Accelerator
ZYTLYN Technologies,Invalid news source,https://www.phocuswire.com/Velocity-ventures-invests-startup-zytlyn
VITL,Invalid news source,https://milled.com/vitl/you-can-invest-in-vitl-today-ZYK-KbjRN4o7Xcdg
ATIU,Invalid news source,https://dealflower.it/aumento-di-capitale-da-5-milioni-di-euro-per-atiu/
Hoopers,Invalid news source,https://jornaleconomico.pt/noticias/hoopers-recebe-500-mil-euros-para-escalar-comunidade-de-jogadores-e-fas-de-basquetebol-913025
GYALA,Invalid news source,https://www.energiamercato.it/enertech/gyala
Docuten,Invalid news source,https://www.webcapitalriesgo.com/vigo-activo-y-altia-invierten-en-docuten/
BYBI,Invalid news source,https://www.sohu.com/a/563848104_329832
D4,Invalid news source,https://d4.nl/2022/07/06/meewind-investeert-in-d4/
Trama,Invalid news source,https://www.marketwatch.com/press-release/legal-tech-startup-trama-offering-brand-protection-services-valued-at-7-million-euro-2022-07-13
Moonlanding,Invalid news source,https://venturebeat.com/2022/07/14/club-closes-3-1-million-seed-round-for-the-first-football-ownership-game/
CUBE3 AI,Invalid news source,https://www.sec.gov/Archives/edgar/data/1934798/000193479822000001/xslFormDX01/primary_doc.xml
Common Ninja,Invalid news source,https://www.geektime.co.il/common-ninja-saves-headaches-for-developers/
Gipsy Hill Brewing Company,Invalid news source,https://www.crowdcube.com/companies/the-gipsy-hill-brewing-company-ltd/pitches/q4MnOl
Sliabh Liag Distillers,Invalid news source,https://www.crowdcube.com/companies/sliabh-liag-distillers-d-a-c/pitches/qaEj5q
Body Rocket,Invalid news source,https://www.crowdcube.com/companies/body-rocket/pitches/bXEYDq
Britishvolt,Invalid news source,https://www.spglobal.com/commodityinsights/en/market-insights/latest-news/energy-transition/060122-britishvolt-sunbelt-partner-to-develop-heavy-plant-equipment-battery-solutions
Narwhal Media Group (NMG),Invalid news source,https://www.nmg.group/head-of-nmg-luke-sartain-wins-1-2m-in-funding-for-the-group/
Clenergy EV,Invalid news source,https://www.morningstar.co.uk/uk/news/AN_1655802225055795400/smart-metering-systems-announces-deals-with-clenergy-and-n3rgy-.aspx
Mon Bel Appart,Invalid news source,https://geeky.news/mon-bel-appart-becomes-oqoro-and-raises-e7-million-to-help-manage-rentals/
Duve,Invalid news source,https://www.itjuzi.com/investevent/13266873
Earth Blox,Invalid news source,https://startacus.net/culture/earth-blox-secures-1-5m-funding-for-its-innovative-cloud-based-saas
My Expert Midwife,Invalid news source,https://www.privateequitywire.co.uk/2022/06/30/315710/pembroke-vct-leads-ps2m-investment-pregnancy-care-brand-my-expert-midwife
Biovec,Invalid news source,https://www.webcapitalriesgo.com/caja-rural-de-soria-soria-futuro-iberaval-y-sodical-respaldan-a-biolvegas-con-cerca-de-e3m/
Euler Labs,Invalid news source,https://www.axios.com/2022/06/07/crypto-money-market-investors-haun-ventures
Axelor,Invalid news source,https://www.enterprisetimes.co.uk/2022/06/24/axelor-has-grand-ambitions-after-series-a-funding/
Dimension,Invalid news source,https://www.broadcastnow.co.uk/tech/dimension-studio-receives-1m-investment-from-creative-uk/5170319.article
Circul'Egg,Invalid news source,https://www.societe.tech/actu/circul-egg-levee-de-fonds-de-1-millions-d-euros/
Circl. Gaming,Invalid news source,https://www.crowdcube.com/companies/circl/pitches/bvLP1l
Mantis-AI,Invalid news source,https://maquinadoesporte.com.br/outros/isportistics-recebe-investimento-e-mira-expansao-internacional/
Melius Pharma,Invalid news source,https://www.fsgfond.com/wp-content/uploads/2022/05/2022-05-03-Melius-Pharma-AB-Pressmeddelande-FSG-Fond.pdf
Ocode,Invalid news source,https://www.welii.io/blog/french-start-ups-raised-eu5-billion-in-q1
Meisterwerk,Invalid news source,https://www.startbase.com/news/meisterwerk-erhaelt-zwei-millionen-euro/
MyJam,Invalid news source,https://techfundingnews.com/ex-justeat-ceo-backs-2-4m-round-of-cultural-online-food-startup-by-syrian-founder/
Envetec,Invalid news source,https://startuparound.com/read/1653614369.221366/Enda-Kenny-joins-board-of-Irish-clean-tech-company-Envetec
Smeetz,Invalid news source,https://blooloop.com/technology/news/smeetz-series-a/
COAT,Invalid news source,http://dlvr.it/SQXfvX
6 Bit Education,Invalid news source,https://credithypes.com/6-bit-education-raises-800k-in-funding/
LawAdvisor Ventures,Invalid news source,http://dlvr.it/SQTPGY
Gadfin,Invalid news source,https://www.onlineev.com/gadfin-expands-its-international-operations-and-announces-7-million-round-of-funding-led-by-the-southern-israel-bridging-fund-vc-sibf/
Cambridge Raman Imaging,Invalid news source,https://www.investegate.co.uk/frontier-ip-group--fipp-/rns/cambridge-raman-imaging-raises--1.1-million/202205240700145098M/
Softpay,Invalid news source,https://softpay.io/softpay-raises-5-million-led-by-brightfolk-to-provide-next-generation-payment-capabilities/
Peppercorn AI,Invalid news source,https://www.ehe.capital/news/peppercorn-secures-1.8m-investment-with-ehe-capital
Parfumado,Invalid news source,https://parfumado.com/en-gb/blogs/hungy-for-growth
Selency,Invalid news source,https://www.itjuzi.com/investevent/13189056
KETS Quantum Security,Invalid news source,https://www.itjuzi.com/investevent/13189890
Porter Finance,Invalid news source,https://www.itjuzi.com/investevent/13167595
Tepbac,Invalid news source,https://www.techinasia.com/grow-impact-accelerator-names-latest-cohort-ten-startups
Speckle,Invalid news source,https://www.itjuzi.com/investevent/13177502
Alt Ave,Invalid news source,http://dlvr.it/SPXlKC
White Rabbit,Invalid news source,http://dlvr.it/SNVZtl
Novaliq,Invalid news source,https://www.itjuzi.com/investevent/13167487
Procurified,Invalid news source,https://magnitt.com/news/procurified-1-1m-seed-53587
Bodega Bay Hard Seltzer,Invalid news source,https://www.crowdcube.com/companies/bodega-bay-hard-seltzers/pitches/qBjopq?country=GB
Happy Pay,Invalid news source,https://www.launchafrica.vc/portfolio/#portfolio/bcf36ba4-105d-406e-92a9-26f7615d9e60
Logidoo,Invalid news source,https://www.launchafrica.vc/portfolio/
Likeo,Invalid news source,https://www.tomcat-factory.com/likeo-leve-153-me/
Sulitest,Invalid news source,https://www.societe.tech/actu/sulitest-impact-levee-de-fonds-de-1-5-millions-d-euros/
each One,Invalid news source,https://business.lesechos.fr/entrepreneurs/financer-sa-creation/0701208743548-each-one-leve-5-millions-pour-aider-les-refugies-a-trouver-un-emploi-347602.php
Feedect,Invalid news source,https://www.eleconomista.es/retail/noticias/11754663/05/22/Feedect-se-lanza-a-fabricar-proteinas-de-insectos-para-el-sector-alimentario.html
Ingrediome,Invalid news source,https://indiebio.co/company/ingrediome/
Nanusens,Invalid news source,https://www.crowdcube.com/companies/nanusens?utm_campaign=Trends%20in%20MKB%20financiering&utm_medium=email&utm_source=Revue%20newsletter
bullfinch,Invalid news source,https://in.marketscreener.com/quote/stock/IMPAX-ASSET-MANAGEMENT-GR-4002074/news/Impax-Asset-Management-Group-plc-acquired-unknown-minority-stake-in-Bullfinch-Asset-Aktiengesellscha-37856931/
ExpressionEdits,Invalid news source,https://www.wilbe.com/build
SupplyWell,Invalid news source,https://rivercapitaluk.com/case-studies/supplywell/
Invyo,Invalid news source,https://www.inovexus.com/le-club
Pinpo,Invalid news source,https://www.inovexus.com/le-club
Trustpair,Invalid news source,https://saas-lander.com/2021-cohort
Karyon,Invalid news source,https://www.inovexus.com/le-club
PowerUp,Invalid news source,https://saas-lander.com/2021-cohort
Elma Care,Invalid news source,https://www.webcapitalriesgo.com/el-cdti-destina-en-enero-e56m-a-seis-nuevas-coinversiones-en-capital-riesgo-a-traves-de-innvierte/
Waymark,Invalid news source,http://vator.tv/n/53b4
PolkaDex,Invalid news source,https://momentum6.com/portfolio.html
GENERALE DU SOLAIRE,Invalid news source,https://inspiredevolution.co.za/funds/evolution-two-fund
Zerolytics,Invalid news source,https://firda.com/firda-active
Sonair,Invalid news source,https://firda.com/firda-active
Dublin Vinyl,Invalid news source,https://www.eiismanagement.ie/dublin-vinyl-secures-e1-5-million-eiis-investment/
evoMAG,Invalid news source,https://ain.capital/2022/09/19/evomag-raises-2m/
Koolboks,Invalid news source,https://webcache.googleusercontent.com/search?q=cache:lG_qrUk1pMoJ:https://businessday.ng/companies/article/acumen-injects-1-05m-in-nigerias-koolboks-sierra-leones-lizard-earth/&cd=1&hl=en&ct=clnk&gl=in
Keepface,Invalid news source,https://finance.yahoo.com/news/metafluence-raises-3m-oversubscribed-funding-123400553.html
AEYE Health,Invalid news source,https://www.geektime.com/great-optics-israeli-innovation-scans-your-eyes-to-revolutionize-disease-diagnostics/
Aletiq,Invalid news source,https://geeky.news/aletiq-raises-1-5-million-euros-for-france-deployment/
Goodstack,Invalid news source,https://sifted.eu/articles/biggest-unannounced-uk-tech-fundraises/?utm_source=sailthru&utm_medium=email&utm_campaign=flagship_newsletter&utm_content=09-05-2022&utm_term=wants_main_newsletter
Umoja,Invalid news source,https://afrotech.com/emerging-impact
Koite Health,Invalid news source,https://www.talouselama.fi/uutiset/suomalaisyhtio-kehitti-suuhun-sopivan-valohoitolaitteen-joka-voi-vahentaa-antibioottihoitoja-sai-menetelmalle-miljoonarahoituksen/f516b189-cb2e-400f-8ff3-30f77ec2cabf
Arcweave,Invalid news source,https://venturebeat.com/games/arcweave-raises-850k-to-build-ai-powered-game-creation-tools/
Galeon,Invalid news source,https://cryptonaute.fr/galeon-ico-terminee-quid-de-la-suite-du-projet/
Bolide,Invalid news source,https://cointelegraph.com/press-releases/defi-yield-optimizer-bolide-successfully-closes-3-million-seed-round
GreenIron AB,Invalid news source,https://eitrawmaterials.eu/investing-in-green-steel-swedish-start-up-greeniron-raises-sek-100-million/
Jho,Invalid news source,https://business.lesechos.fr/entrepreneurs/financer-sa-creation/0603229979106-tampons-serviettes-jho-leve-2-millions-pour-accelerer-sur-les-protections-naturelles-337501.php
Clevergy,Invalid news source,https://www.webcapitalriesgo.com/clevergy-cierra-con-rocket-internet-una-ronda-pre-seed-de-e500-000/
Full-Life Technologies,Invalid news source,https://previous.full-life.com/NewsDtl1?id=1
Scramjet,Invalid news source,https://startupmafia.eu/we-reached-400-000-downloads-summary-of-the-year-scramjet
Converge.io,Invalid news source,https://www.scalarnorthcapital.co.uk/portfolio/
Voltan Energy,Invalid news source,https://www.kauppalehti.fi/uutiset/kerrostalojen-maalampoyritys-kerasi-liki-miljoonan-euron-rahoituspotin-mukana-ehrnroothit-fromondit-ja-timo-soininen/c9968c14-42f4-4f66-8db7-a2bda3718a1c
Citibeats,Invalid news source,https://www.citibeats.com/center-for-knowledge/citibeats-avan%C3%A7sa-ai-emea-latam-us
Fairmoove,Invalid news source,https://www.societe.tech/actu/fairmoove-levee-de-fonds-de-3-millions-deuros/
OTO,Invalid news source,https://www.seedrs.com/otocbd
iweech,Invalid news source,https://lookcharms.com/iweech-raises-2-8-million-for-its-smart-electric-bike-funding/
VersTrade,Invalid news source,https://www.emerce.nl/nieuws/postnl-neemt-belang-online-foodmarktplaats-verstrade
Clausematch,Invalid news source,https://www.crowdfundinsider.com/2022/06/192288-regtech-clausematch-closes-on-10-8-million-in-funding/
Rush,Invalid news source,https://seenews.com/news/bulgarias-rush-raises-300000-in-launchub-ventures-led-pre-seed-round-756234
Knabu Distributed Systems,Invalid news source,https://beta.ventures/portfolio
Aliform,Invalid news source,https://www.sovrinti.com/news/blog-post-title-one-5r225
Bio-bean,Invalid news source,https://turquoise.eu/low-carbon-innovation-fund-2-invests-in-bio-bean/
EsoBiotec,Invalid news source,"http://capital-riesgo.es/en/articles/invivo-ventures-invests-in-esobiotec-to-revolutionize-cancer-cell-therapy-with-cutting-edge-in-vivo-engineering-platform/#:~:text=Invivo%20Ventures%20announces%20an%20investment,to%20be%20finalized%20in%202024."
Duplo,Invalid news source,https://www.wayfinder.com/portfolio
Heights,Invalid news source,https://www.seedrs.com/businesses/heights/sections/about
PlaymakerAI,Invalid news source,https://press.almiinvest.se/posts/pressreleases/almi-invest-investerar-i-playmaker-som-hittar
Sedimentum AG,Invalid news source,https://hemex.ch/2022/04/22/sedimentum-closes-its-next-financing-round-of-chf-3-3-mio/
CoinAfrique,Invalid news source,https://disrupt-africa.com/2021/08/03/japanese-vc-kepple-africa-ventures-makes-22-investments-in-first-7-months-of-2021/
SiLiB,Invalid news source,https://jewishbusinessnews.com/2021/08/29/breakthrough-silib-increases-electric-vehicles-range-by-40/
Kryptomon,Invalid news source,https://icohigh.net/gaming/708-kryptomon.html
Fuse.io,Invalid news source,https://www.zokyo.io/companies
MAG4Health,Invalid news source,https://fr.firenews.video/nouvelles-francaises/grenoble-isere-mag4health-leve-53-me-pour-accelerer-son-developpement/
eBikeLabs,Invalid news source,https://ebikelabs.com/velos-electriques-ebikelabs-reunit-500-actionnaires-sur-wiseed-et-leve-1-million-e/
EXCEL ESPORTS,Invalid news source,https://www.sportspromedia.com/news/excel-esports-investment-round-jrj-group-ipgl-tnf-gaming/
Factmata,Invalid news source,https://wefunder.com/factmata
Tetraneuron,Invalid news source,https://tetraneuron.com/en/spanish-biotech-tetraneuron-raises-more-than-2-5-million-euros-to-advance-its-alzheimers-therapy/
VitaDAO,Invalid news source,https://longevity.technology/news/crypto-auction-raises-over-5m-for-longevity-research/
AnaCardio,Invalid news source,https://www.karolinskadevelopment.com/en/press-releases?page=/perma/press/1926092
Duke Street Bio,Invalid news source,https://www.sec.gov/Archives/edgar/data/1823388/000095013821000321/xslFormDX01/primary_doc.xml
Rad Propulsion,Invalid news source,https://www.britbots.com/britbots-completes-six-new-investments
Knabu Distributed Systems,Invalid news source,https://www.launchafrica.vc/portfolio/
Segments.ai,Invalid news source,https://start-it-x.prezly.com/segmentsai-helps-organizations-speed-up-computer-vision-development-as-first-belgian-ycombinator-startup-ever-and-raises-eur-1m
BMG Pharma,Invalid news source,https://www.sanita24.ilsole24ore.com/art/aziende-e-regioni/2021-04-29/biotech-friulia-investe-2-milioni-bmg-pharma-sviluppo-torviscosa-114945.php?uuid=AECK1mE&refresh_ce=1
ParaState,Invalid news source,https://www.altcoinbuzz.io/cryptocurrency-news/product-release/parastate-completes-5-million-fundraising-event/
XNK Therapeutics,Invalid news source,https://xnktherapeutics.com/en/xnk-therapeutics-completes-private-placement-of-sek-64-million/
Mission,Invalid news source,https://www.thegrocer.co.uk/fundraising/mission-readies-13m-crowd-raise-to-fuel-growth/691599.article
Semicolon Africa,Invalid news source,https://www.launchafrica.vc/portfolio/
Youzd,Invalid news source,https://www.societe.tech/actu/youzd-levee-de-fonds-de-0-60-millions-deuros/
Entropiq,Invalid news source,https://www.entropiq.gg/blog/karel-janecek-hal3000-and-212-000-czk-to-charity
nT-Tao Compact Fusion Power,Invalid news source,https://jpt.spe.org/israeli-startup-innovates-small-fusion-units-for-on-and-off-grid
3ti Energy Hubs,Invalid news source,https://greenangelventures.com/portfolio/3ti/
Munch,Invalid news source,https://jewishbusinessnews.com/2023/11/24/iai-signs-145-million-in-deals/#google_vignette
Unify AI,Invalid news source,https://www.wayfinder.com/portfolio
Marti,Invalid news source,https://www.globalethicalbanking.com/unspecified-funds-helped-marti-close-investment-round-2021-ended/
Ellcie Healthy,Invalid news source,https://www.upward-labs.com/startup-portfolio
Plant Jammer,Invalid news source,https://masschallenge.org/startups/
Onramper,Invalid news source,https://www.antler.co/our-startups/onramper
Mymuse,Invalid news source,https://startupstorymedia.com/insights-mymuse-raises-rs-9-5-cr-funding/
I-VASC,Invalid news source,https://www.businesswire.com/news/home/20220404005835/en/I-VASC-Srl-Announces-achievement-of-18M-%E2%82%AC-Series-A-investment-to-launch-its-product-VELEX%E2%84%A2-a-device-for-the-treatment-of-Chronic-Venous-Insufficiency-CVI
B2Bee,Invalid news source,https://filrougecapital.com/portofolio/b2bee/
Matterway,Invalid news source,https://www.public.io/portfolio/
WeCycle,Invalid news source,https://www.afrik21.africa/maurice-inside-capital-investit-31-m-dans-wecycle-pour-le-recyclage-des-dechets/
Enduro,Invalid news source,https://www.enduro.bio/news-Enduro-Genetics-raises-preseed.html
Gosense,Invalid news source,https://www.societe.tech/actu/gosense-levee-de-fonds-de-0-57-millions-deuros/
NW,Invalid news source,https://rgreeninvest.com/newsroom/communique/prise-de-participation-de-la-societe-de-gestion-francaise-rgreen-invest-au-capital-de-nw-joules-pionnier-francais-du-stockage-denergie/
Duke Street Bio,Invalid news source,https://www.sec.gov/Archives/edgar/data/1823388/000095013820000369/xslFormDX01/primary_doc.xml
ACTIPH Water,Invalid news source,https://www.thegrocer.co.uk/fundraising/alkaline-ionised-bottled-water-brand-actiph-plots-us-push-after-12m-fundraise/648063.article
Thread In Motion,Invalid news source,https://www.ticaretsicil.gov.tr/view/hizlierisim/pdf_goster.php?Guid=1e37e65c-03b4-11eb-bc86-48df373f5970
Speckle,Invalid news source,https://bgnock.com/speckle-snags-5-5m-seed-to-build-open-source-platform-for-3d-drawings-techcrunch/
G.ST Antivirals,Invalid news source,https://startuparound.com/read/1588933807.9138587/Viennese-biotech-startup-G.ST-Antivirals-gets-funding-for-viral-disease-therapies
BTP,Invalid news source,https://www.scotsman.com/business/former-sla-joint-chief-martin-gilbert-among-backers-edinburgh-blockchain-start-2865592
Axis Spine Technologies,Invalid news source,https://www.med-technews.com/news/spinal-implant-firm-completes-830k-funding-round-for-us-lau/
Cloud 8,Invalid news source,https://www.privateequitywire.co.uk/2022/03/28/313250/employee-benefits-platform-raises-gbp750k-mercia
B2Bee,Invalid news source,https://filrougecapital.com/portofolio/b2bee/
PizzaLuxe,Invalid news source,https://www.thecaterer.com/news/posh-pizza-pizzaluxe-manchester-arndale
Ticketpass,Invalid news source,https://www.seedrs.com/ticketpass
VISARIGHT,Invalid news source,https://bmp.com/de/news/bmp-ventures-investiert-mit-den-ibg-fonds-das-legal-tech-startup-visaright
The Qube,Invalid news source,https://km-capital.co.uk/investments/
Predisurge,Invalid news source,https://dealflower.it/liftt-predisurge-eic-round-serie-a/#google_vignette
Krono-Safe,Invalid news source,https://www.krono-safe.com/press-release-krono-safe-raises-e10-6-million-confirms-position-leading-european-software-tool-provider-safety-critical-real-time-systems/
E-novate,Invalid news source,https://www.myfrenchstartup.com/en/fundraising-startup-enovate/2020/05/11/129127
BYON8,Invalid news source,https://peopleventures.vc/companies/byon8
Finapp,Invalid news source,https://dealflower.it/finapp-chiude-round-da-12-milioni-progress-tech-transfer-e-lead-investor/
Oze,Invalid news source,https://disruptafrica.com/2021/01/14/ghanaian-fintech-startup-oze-closes-700k-seed-funding-round/
The Valesco Group,Invalid news source,https://www.propertyfundsworld.com/2019/12/10/281246/nwca-acquires-strategic-stake-valesco
EndoSpan,Invalid news source,https://www.massdevice.com/endospan-aortic-arch-stent-graft-wins-fda-breakthrough-designation/
Mium Lab(Formerly Les Miraculeux),Invalid news source,https://smartfood.parisandco.paris/a-la-une/actualites/Crowdfunding-la-recette-de-la-reussite-par-Les-Miraculeux
Aligned Bio,Invalid news source,https://alignedbio.com/alignd-systems-nanowire-biosensor-platform-seed-funding-announcement/
RISE Financial Technologies,Invalid news source,https://mendoza-ventures.com/fresh-funding-of-3-5m-is-secured-for-rise-financial-technologies-to-accelerate-the-engineering-and-delivery-of-a-capital-market-infrastructure-solution-for-both-tokenized-and-traditionally-regulated/
Dublin Vinyl,Invalid news source,https://www.seedrs.com/dublinvinyl1
Faradai,Invalid news source,http://www.ticaretsicil.gov.tr/gosteryeni.php?guid=f744bf42-d3aa-11e9-9262-48df373f5970
PresenceKit,Invalid news source,https://www.marketscreener.com/quote/stock/ITAB-SHOP-CONCEPT-AB-PUBL-122799228/news/ITAB-Shop-Concept-AB-OM-ITAB-B-acquired-30-stake-in-Ombori-Apps-AB-for-SEK-15-million-34229032/
Amniotics,Invalid news source,https://www.amniotics.com/press-releases/almi-invest-invests-in-longboat-amniotics/
Terra Quantum,Invalid news source,https://www.businesswire.com/news/home/20220120005596/en/Terra-Quantum-has-raised-60m-to-accelerate-deployment-of-their-Quantum-as-a-Service-technology
TikTalk,Invalid news source,https://masschallenge.org/announcement/masschallenge-israel-announces--2021-accelerator-program-cohort
Revix,Invalid news source,https://disrupt-africa.com/2019/04/16/revix-crypto-trading-platform-launches-in-sa/
Ambire,Invalid news source,https://momentum6.com/portfolio.html
Urbangreen,Invalid news source,https://www.katalysen.com/17/432/urbangreen-has-been-funded-with-around-12-msek-by-more-than-600-stakeholders/
Taeillo,Invalid news source,https://disrupt-africa.com/2020/09/30/struggling-to-purchase-modern-furniture-in-africa-nigerias-taeillo-can-help/
Fido,Invalid news source,https://www.thefinderonline.com/news/item/12133-german-development-finance-provides-500-000-support-to-fido
TECHNORED,Invalid news source,https://impact-capital.com/en/feed/news/the-industrial-robotization-market-is-waiting-for-private-investors/
Talkin' Things,Invalid news source,https://ain.capital/2022/05/11/talkin-things-raises-20m/
Miro Forestry,Invalid news source,https://www.bii.co.uk/en/our-impact/investment/miro-forestry-developments-limited-investment-04/
Taylor & Hart,Invalid news source,https://www.thegaragesoho.london/portfolio
Sharies,Invalid news source,https://www.businessimmo.com/contents/102529/audacia-prend-une-participation-dans-sharies-et-prepare-une-offre-immobiliere
Moko,Invalid news source,https://www.cdcgroup.com/en/our-impact/search-results/page/40/?inv-datefrom=2005-01-01&inv-dateto=2019-12-31
Build A Rocket Boy,Invalid news source,https://s3.eu-west-2.amazonaws.com/document-api-images-live.ch.gov.uk/docs/XqQzOm8b5-HFTDi8g2B-GIweWKefz7RY88TAIA2ii28/application-pdf?X-Amz-Algorithm=AWS4-HMAC-SHA256&X-Amz-Credential=ASIAWRGBDBV3M42VHMJL%2F20220613%2Feu-west-2%2Fs3%2Faws4_request&X-Amz-Date=20220613T232113Z&X-Amz-Expires=60&X-Amz-Security-Token=IQoJb3JpZ2luX2VjEHYaCWV1LXdlc3QtMiJHMEUCIQD51PWQ3B%2B9dcDD8P%2FJfe4UNtRzyTo8e4WGBlWRtEHGMwIgWWNk%2BNH4GZERjRJVGaqQj%2BflOzfp05kP4zvqK9VotZoq0wQIfxAEGgw0NDkyMjkwMzI4MjIiDPTTf38fN4OC7RBhSCqwBMU0dRtWAbJaWY0KGQ%2Bx6j%2FnZ%2F%2Ft9g8GndGNL5fX17HjuaxgXf2kKuOpPhRb7f2wmMAWs4kkjK0H7Hy0CEyA7njIlTZUeuWrTMQc3mT03vfEgueTJGlNWOZtfZr3SKFPxfYcQbEsd%2BcwEPNxotQo2vRIggiDMoiaSUT5dAcOFHKZNu3BHWDgXqfHv6tm3s%2BMxYBSUR53TUxOJuDFRA07IcFA1R0r25QJwpcHUl4HzJkUif%2BvHFhJrscMktrCbXz%2B%2BSrWQlGwlNikbZXjN106M6LLkYtGXsJGcooiAWUs2ZNDt0ry72W6wikYdZDRTub86SSNsRp6fWaRLXUwFuPtUNC4qU%2BKQvd7AFYl%2BBQHC3D26f4nLgFafyeXg0mIqOEmSmHGFMN3o7xE3OJs8GqymKap4c%2B7MbrpXTuZkgP2w5AenZWUKbSI31Da%2FqY7Wn6G10p6Uywv95oxuGxYRDNZpeRjW2LGOcN0Vw7jDbNMsYSPbxNkjHje78jk%2F1AVAgO5z%2BQiykEvT1TMG0aEpMNNtlTOBcR5fNRL6MBy5Ctrg8zocpk97oZZ7nf3svXpEGELYcFVTxobthoZQJ19gtN9uohLTQchgCc453jKD7nX09zTXOD465ZHmwuJyvSWtVjPOL6hXAa63J3VCxAgJBWjrzknx5gxv0Nhp1vEjVvqD64%2FyymIot%2FYxGuIa9r2iD%2FwooePgyBSVmnqrLsMxY65hVMb2SnyBIByBJRGFTEYDV3yMJvbnpUGOqkBfh1ut2a3KLcXXh9Puz5drele%2FDEh0HEN5AruLFyfsecPmU2cDOxiKJhPyp%2FfLCrelYe2aNIDuW6fEpwfQHaxMxSMpwe0rfc2vi8TUXdGcJFyB0B%2FWxEvg6IDsd4S6UjAFx3MUYihhOnxpNbMB3XKZseLRH5tlb0V32tG5hpnmukd0qkRI8M3FXCn1SRitL9%2FxRGmeV8PlFqzU0RRMhSW7VAF5Jap4FO8AA%3D%3D&X-Amz-SignedHeaders=host&response-content-disposition=inline%3Bfilename%3D%22companies_house_document.pdf%22&X-Amz-Signature=500113207fad5a439a924d9e89e259402639948a9ad0d53471b3889597cb4c3b
Powervault,Invalid news source,https://www.powervault.co.uk/article/powervault-wins-investment-from-green-angel-syndicate/
Linearity,Invalid news source,https://www.startupvalley.news/de/linearity-seed-finanzierungsrunde-vectornator-pro/
MobileGo,Invalid news source,https://bit.co/portfolio
QuarkXR,Invalid news source,https://venturebeat.com/games/htc-invests-in-26-new-ar-vr-startups-through-its-vive-x-accelerator/
Envisics,Invalid news source,https://tarsadia.com/portfolio/#Envisics
Core For Tech,Invalid news source,https://supernovainvest.com/core-for-tech-raises-3-5-million-eur/
pritidenta GmbH,Invalid news source,https://www.tvm-lifescience.com/norgine-ventures-completes-e2-million-financing-pritidenta/
Cleverciti Systems,Invalid news source,https://www.bloomberg.com/press-releases/2018-05-03/the-westly-group-is-the-latest-investor-to-fund-cleverciti-systems-the-intelligent-parking-management-provider
Green Story,Invalid news source,https://www.torontomu.ca/svz/startups/GreenStory/
Quantilope,Invalid news source,https://www.xing.com/communities/posts/start-up-quantilope-auf-wachstumskurs-1012805464
ROXi,Invalid news source,https://www.crunchbase.com/funding_round/electric-jukebox-series-a--ba29108c
PitPat,Invalid news source,https://www.crowdcube.com/companies/pitpat/pitches/qDwQyb
Sekoia,Invalid news source,http://borsen.dk/nyheder/avisen/artikel/11/156704/artikel.html
Sensar Marine,Invalid news source,http://shifter.no/index.php/2016/11/02/putter-35-millioner-statlige-pre-sakorns-penger-fire-bergens-startupene/
mozzeno,Invalid news source,https://www.crowdfundinsider.com/2022/10/197094-mozzeno-a-belgian-peer-to-peer-lender-reports-topping-e100-million-in-loans/
ATFX,Invalid news source,http://www.massdevice.com/cardionxt-raises-1-5m-novel-cardiac-ablation-tech/
Orangogo,Invalid news source,https://socialfare.org/en/start-up/sport-grand-tour/
Oncomatryx Biopharma,Invalid news source,https://craft.co/oncomatryx/metrics
Love & Green,Invalid news source,https://www.haussmann-patrimoine.fr/blog/odyssee-venture-love-et-green-defie-avec-ses-couches-ecologiques/
Disruptive Technologies,Invalid news source,https://firda.com/firda-active
Climeon,Invalid news source,https://tracxn.com/d/companies/climeon.com
Silent Eight,Invalid news source,https://tracxn.com/d/companies/silenteight.com
Thrive Therapeutic Software,Invalid news source,https://socialtechtrust.org/our-portfolio/ventures/
Glide,Invalid news source,https://www.reuters.com/article/idUS950920092/
Wellsense Technologies,Invalid news source,https://www.sec.gov/Archives/edgar/data/1535498/000114420413039136/xslFormDX01/primary_doc.xml
Realweb,Invalid news source,https://www.itcap.vc/portfolio
Tannico,Invalid news source,http://www.boox.it/en/portfolio/tannico/
EternoGen,Invalid news source,https://www.sec.gov/Archives/edgar/data/1556301/000155630114000002/xslFormDX01/primary_doc.xml
Wellsense Technologies,Invalid news source,https://www.sec.gov/Archives/edgar/data/1535498/000114420412036398/xslFormDX01/primary_doc.xml
Giraffic,Invalid news source,https://tracxn.com/d/companies/giraffic/__5cU3q_Le5tXsOWpnzXo0CD-2Toa5e5fH9E2KAAFKAlw/funding-and-investors
ABM Pharma,Invalid news source,https://www.societe.tech/actu/abm-pharma-levee-de-fonds-de-5-40-millions-deuros/
Zonzoo,Invalid news source,https://www.jadeberg-partners.ch/en/investment-activities/
Huddle,Invalid news source,https://www.privateequitywire.co.uk/huddle-closes-usd10m-series-b-funding-led-matrix
MainOne,Invalid news source,https://www.vanguardngr.com/2022/04/fbnquest-funds-exits-mainone-investment-to-equinix-inc/
Caspian Learning,Invalid news source,http://www.allbusiness.com/company-activities-management/company-structures-ownership/11462873-1.html
Presence Online,Invalid news source,http://www.wsj.com/articles/SB1001685414114395480
